numeric_1,numeric_2,numeric_3,客户类型,国际,是否私行客户,date
306.0,414.0,388.0,机构客户,中国,1.0,2022-10-14 22:07:22
309.0,145.0,505.0,机构客户,俄罗斯,0.0,2021-12-07 15:18:45
840.0,929.0,797.0,机构客户,法国,0.0,2021-06-03 11:22:03
908.0,502.0,194.0,私人客户,德国,1.0,2023-10-12 15:46:56
319.0,654.0,,私人客户,巴西,0.0,2021-03-24 06:43:11
642.0,9030.0,416.0,私人客户,,0.0,2021-12-18 15:32:30
340.0,628.0,663.0,机构客户,俄罗斯,1.0,2021-12-19 15:10:13
204.0,533.0,376.0,私人客户,美国,0.0,2023-12-06 14:35:05
608.0,357.0,984.0,机构客户,加拿大,0.0,2023-01-09 11:12:07
626.0,964.0,632.0,机构客户,日本,0.0,2022-11-04 22:23:45
669.0,981.0,227.0,机构客户,德国,0.0,2023-11-25 10:06:46
1580.0,447.0,969.0,机构客户,俄罗斯,0.0,2022-12-27 09:42:44
568.0,9340.0,9490.0,机构客户,俄罗斯,1.0,2021-12-25 19:28:17
351.0,354.0,419.0,机构客户,,1.0,
130.0,636.0,566.0,机构客户,澳大利亚,1.0,2020-11-05 18:57:15
461.0,484.0,330.0,,印度,0.0,2023-05-10 20:20:20
625.0,540.0,733.0,机构客户,中国,1.0,2020-09-13 11:12:18
991.0,349.0,618.0,机构客户,法国,1.0,2022-04-05 08:23:56
6900.0,105.0,797.0,机构客户,印度,0.0,2023-04-27 04:59:21
315.0,882.0,526.0,机构客户,俄罗斯,0.0,2020-06-27 19:56:03
916.0,410.0,673.0,机构客户,印度,1.0,2023-02-01 07:29:55
528.0,450.0,226.0,私人客户,俄罗斯,1.0,2023-12-20 22:45:20
407.0,983.0,631.0,私人客户,印度,1.0,2020-04-06 02:12:30
718.0,361.0,742.0,机构客户,法国,1.0,2020-09-22 20:12:45
902.0,549.0,210.0,,加拿大,1.0,2023-02-22 19:11:26
604.0,445.0,658.0,私人客户,,1.0,2021-04-11 07:30:08
752.0,536.0,578.0,私人客户,印度,1.0,2022-07-18 04:38:45
704.0,149.0,417.0,,俄罗斯,0.0,2023-10-07 20:13:16
829.0,956.0,219.0,私人客户,加拿大,0.0,2020-08-30 19:01:34
462.0,192.0,444.0,机构客户,加拿大,0.0,2022-03-13 00:03:20
524.0,424.0,237.0,机构客户,日本,0.0,2022-04-01 10:33:10
195.0,338.0,996.0,机构客户,澳大利亚,1.0,2020-11-24 23:33:03
269.0,228.0,587.0,私人客户,加拿大,0.0,2023-06-13 21:57:53
925.0,375.0,990.0,机构客户,俄罗斯,0.0,2023-09-06 00:59:12
387.0,131.0,579.0,私人客户,日本,1.0,2022-09-27 12:06:02
661.0,478.0,646.0,私人客户,美国,1.0,2023-01-31 09:15:52
718.0,539.0,557.0,私人客户,美国,0.0,2022-07-30 12:24:11
311.0,142.0,405.0,机构客户,中国,0.0,2023-01-07 01:38:21
351.0,823.0,864.0,私人客户,日本,0.0,2020-03-16 22:45:28
519.0,420.0,678.0,私人客户,美国,1.0,2020-10-02 06:19:11
867.0,558.0,594.0,机构客户,美国,0.0,2023-12-27 16:51:24
976.0,606.0,931.0,机构客户,美国,,2021-02-14 18:14:17
955.0,242.0,553.0,机构客户,澳大利亚,1.0,2021-12-31 19:39:36
192.0,567.0,202.0,机构客户,印度,1.0,2020-10-25 02:39:16
7060.0,6980.0,293.0,私人客户,法国,1.0,2020-08-20 15:27:26
144.0,563.0,757.0,机构客户,巴西,,2022-11-11 07:21:17
926.0,804.0,562.0,私人客户,德国,1.0,2022-04-02 18:17:33
827.0,240.0,483.0,私人客户,中国,1.0,2020-12-01 15:14:47
752.0,421.0,439.0,机构客户,日本,1.0,2023-10-30 15:17:00
803.0,587.0,786.0,私人客户,加拿大,0.0,2021-10-01 21:43:58
103.0,,395.0,机构客户,俄罗斯,1.0,2020-03-21 05:44:03
617.0,905.0,578.0,私人客户,澳大利亚,1.0,2022-08-23 06:05:04
160.0,9920.0,637.0,私人客户,美国,0.0,
310.0,254.0,220.0,机构客户,俄罗斯,0.0,
926.0,457.0,992.0,机构客户,加拿大,1.0,2022-06-28 01:32:12
517.0,356.0,675.0,私人客户,日本,1.0,2023-09-15 01:16:20
470.0,389.0,328.0,机构客户,俄罗斯,0.0,2022-04-15 13:49:22
834.0,973.0,671.0,机构客户,俄罗斯,0.0,2022-10-28 20:20:23
102.0,693.0,724.0,私人客户,日本,0.0,2020-06-08 18:21:21
680.0,225.0,274.0,私人客户,加拿大,0.0,2023-04-30 02:09:05
296.0,398.0,834.0,机构客户,巴西,0.0,2021-04-03 10:53:15
566.0,193.0,116.0,私人客户,法国,1.0,2021-12-11 16:04:04
909.0,370.0,6110.0,私人客户,巴西,0.0,2021-01-24 17:22:54
596.0,642.0,179.0,机构客户,,0.0,2022-11-08 01:47:00
141.0,916.0,250.0,私人客户,美国,1.0,
618.0,121.0,616.0,机构客户,德国,1.0,2021-06-25 11:02:59
222.0,665.0,837.0,机构客户,澳大利亚,1.0,2020-12-31 16:17:17
414.0,628.0,708.0,机构客户,美国,1.0,2023-11-03 05:04:42
863.0,789.0,731.0,机构客户,中国,1.0,2020-07-27 09:41:54
840.0,419.0,9940.0,私人客户,法国,0.0,2021-07-19 07:16:22
260.0,299.0,708.0,私人客户,加拿大,1.0,2023-04-19 01:25:38
875.0,927.0,947.0,私人客户,中国,1.0,2021-03-07 08:46:22
897.0,261.0,129.0,私人客户,中国,1.0,2020-04-09 04:43:32
452.0,169.0,621.0,机构客户,印度,1.0,2022-03-26 08:43:32
333.0,715.0,621.0,私人客户,法国,1.0,2023-09-26 02:19:25
6210.0,884.0,782.0,私人客户,日本,0.0,2023-03-18 12:44:57
811.0,974.0,506.0,机构客户,俄罗斯,0.0,2023-03-24 10:35:52
227.0,849.0,915.0,机构客户,,0.0,2020-04-23 06:03:39
439.0,804.0,878.0,机构客户,巴西,1.0,2020-12-10 23:57:53
176.0,851.0,981.0,私人客户,印度,0.0,2023-07-30 23:04:39
667.0,737.0,969.0,私人客户,加拿大,0.0,2022-09-28 10:55:08
,2740.0,425.0,私人客户,日本,0.0,2021-11-06 18:41:53
525.0,,632.0,私人客户,加拿大,1.0,2022-07-21 03:58:29
222.0,563.0,677.0,私人客户,日本,0.0,2023-08-15 19:07:43
,155.0,830.0,私人客户,中国,0.0,2023-07-17 14:22:53
373.0,547.0,699.0,机构客户,俄罗斯,1.0,2020-05-22 11:04:27
187.0,308.0,557.0,机构客户,澳大利亚,0.0,
503.0,884.0,165.0,私人客户,法国,0.0,2021-07-20 11:18:09
987.0,244.0,8010.0,机构客户,美国,0.0,2023-10-05 07:44:58
559.0,914.0,374.0,私人客户,日本,,2020-08-15 09:50:10
159.0,275.0,1600.0,私人客户,俄罗斯,0.0,2023-06-25 03:58:23
304.0,594.0,130.0,私人客户,,0.0,2022-04-28 12:57:40
863.0,624.0,772.0,机构客户,巴西,0.0,2021-08-09 14:23:54
315.0,,694.0,机构客户,日本,1.0,2021-07-24 11:21:04
716.0,691.0,751.0,私人客户,美国,0.0,2020-05-19 10:50:37
9820.0,141.0,396.0,私人客户,俄罗斯,0.0,2020-01-11 23:25:50
960.0,741.0,313.0,私人客户,日本,0.0,2022-11-12 10:45:14
715.0,901.0,658.0,私人客户,中国,1.0,2022-01-14 23:04:16
,698.0,,私人客户,澳大利亚,0.0,2023-06-01 18:07:34
372.0,668.0,873.0,机构客户,巴西,0.0,2023-10-24 14:28:39
401.0,216.0,465.0,私人客户,德国,0.0,2023-12-08 21:56:29
754.0,,2840.0,机构客户,加拿大,0.0,2022-04-03 14:35:54
861.0,441.0,835.0,私人客户,巴西,1.0,2023-12-26 22:35:13
906.0,393.0,347.0,私人客户,日本,0.0,2023-08-10 03:46:35
930.0,826.0,8650.0,机构客户,,1.0,2023-01-15 07:09:31
974.0,998.0,704.0,机构客户,俄罗斯,0.0,2020-09-22 06:07:20
616.0,624.0,231.0,机构客户,印度,1.0,2021-06-22 03:31:26
377.0,577.0,884.0,私人客户,德国,0.0,2023-05-07 13:02:39
237.0,602.0,329.0,机构客户,巴西,0.0,2023-07-06 19:50:22
384.0,102.0,586.0,机构客户,中国,0.0,2020-07-11 00:54:49
263.0,809.0,,机构客户,印度,1.0,2020-11-26 07:37:05
429.0,386.0,655.0,私人客户,日本,1.0,2023-11-17 13:34:44
546.0,894.0,815.0,机构客户,德国,,2022-04-14 09:54:02
526.0,356.0,592.0,机构客户,中国,0.0,2022-08-21 08:42:01
400.0,180.0,773.0,私人客户,美国,0.0,
963.0,251.0,418.0,机构客户,俄罗斯,0.0,2021-05-27 11:39:46
270.0,295.0,332.0,机构客户,中国,0.0,2021-04-02 11:23:03
281.0,826.0,646.0,私人客户,巴西,1.0,2023-02-14 11:53:48
497.0,796.0,111.0,机构客户,日本,1.0,2020-09-05 17:03:26
686.0,6820.0,868.0,私人客户,法国,1.0,2023-05-11 22:44:09
708.0,627.0,246.0,私人客户,德国,1.0,2021-10-11 17:57:54
593.0,816.0,703.0,私人客户,澳大利亚,0.0,
669.0,389.0,920.0,私人客户,日本,1.0,2023-07-18 20:22:10
886.0,962.0,346.0,机构客户,加拿大,1.0,2022-04-19 10:49:26
702.0,858.0,967.0,机构客户,法国,0.0,2020-02-16 19:14:35
781.0,811.0,990.0,机构客户,印度,0.0,2023-04-03 09:37:33
,310.0,344.0,机构客户,加拿大,1.0,2021-09-27 02:51:18
274.0,3480.0,902.0,机构客户,日本,1.0,2021-08-23 15:28:01
863.0,190.0,721.0,,中国,0.0,2023-10-12 13:48:27
410.0,443.0,5720.0,私人客户,法国,1.0,2023-06-03 02:55:14
393.0,289.0,534.0,机构客户,法国,1.0,2023-01-31 05:55:54
733.0,273.0,183.0,私人客户,日本,0.0,2020-03-26 07:52:29
181.0,228.0,779.0,机构客户,法国,0.0,2020-12-16 22:22:54
267.0,9830.0,468.0,私人客户,巴西,1.0,2020-08-12 00:01:34
570.0,607.0,390.0,机构客户,巴西,0.0,2022-03-01 23:57:31
648.0,453.0,602.0,机构客户,日本,1.0,2021-01-29 23:50:52
,441.0,443.0,机构客户,法国,0.0,2021-06-08 03:21:07
669.0,565.0,,私人客户,,1.0,2022-09-23 19:18:14
,172.0,265.0,机构客户,印度,,2023-12-26 18:18:04
,489.0,120.0,机构客户,印度,1.0,2020-06-16 13:34:12
240.0,753.0,866.0,私人客户,加拿大,1.0,2021-07-26 10:48:44
713.0,910.0,9000.0,机构客户,印度,1.0,2020-10-15 02:01:57
614.0,959.0,479.0,私人客户,法国,1.0,2020-08-04 14:08:04
129.0,618.0,217.0,私人客户,澳大利亚,0.0,2023-04-02 08:21:58
976.0,618.0,643.0,私人客户,印度,1.0,2021-01-05 05:32:45
727.0,158.0,595.0,私人客户,俄罗斯,1.0,2022-04-25 13:24:23
520.0,867.0,619.0,私人客户,美国,0.0,2020-04-18 19:09:50
447.0,437.0,493.0,,印度,0.0,2022-03-26 15:32:00
454.0,156.0,367.0,,巴西,0.0,2020-07-30 04:44:49
862.0,9730.0,641.0,机构客户,加拿大,1.0,2021-02-01 19:23:24
316.0,498.0,243.0,私人客户,澳大利亚,0.0,2021-08-24 00:25:01
661.0,282.0,874.0,私人客户,法国,0.0,2023-03-23 05:11:51
575.0,248.0,626.0,,印度,1.0,2023-12-25 11:16:40
430.0,441.0,1900.0,私人客户,美国,0.0,2020-03-12 14:27:27
837.0,430.0,970.0,机构客户,中国,1.0,2020-12-31 04:11:15
629.0,168.0,611.0,机构客户,美国,0.0,2023-08-08 13:16:05
9860.0,950.0,,机构客户,德国,1.0,2020-10-06 08:08:16
661.0,429.0,919.0,机构客户,,0.0,2023-03-29 07:52:38
166.0,501.0,738.0,机构客户,日本,1.0,2022-01-18 10:11:37
727.0,432.0,,机构客户,加拿大,1.0,2021-08-06 20:24:50
820.0,394.0,717.0,私人客户,加拿大,0.0,2023-05-09 21:56:24
159.0,322.0,516.0,机构客户,法国,0.0,2023-12-18 02:36:39
797.0,389.0,801.0,机构客户,德国,0.0,2021-01-12 12:44:55
651.0,,923.0,机构客户,加拿大,1.0,2020-03-21 23:16:55
847.0,906.0,568.0,机构客户,加拿大,0.0,2020-04-29 00:32:44
,236.0,653.0,机构客户,印度,1.0,2021-01-24 01:43:04
690.0,165.0,318.0,私人客户,法国,0.0,2020-06-10 20:42:26
730.0,682.0,287.0,机构客户,法国,1.0,2022-10-11 05:47:06
426.0,250.0,,私人客户,美国,0.0,2022-05-03 18:30:49
690.0,409.0,129.0,机构客户,德国,,2020-02-26 00:55:35
685.0,,255.0,机构客户,德国,1.0,2022-10-12 08:23:18
705.0,427.0,504.0,私人客户,加拿大,1.0,2023-03-10 17:12:03
230.0,484.0,614.0,私人客户,日本,,2021-11-15 05:52:48
881.0,601.0,846.0,机构客户,巴西,0.0,2021-02-11 08:10:01
179.0,9950.0,411.0,私人客户,加拿大,1.0,2020-09-09 03:33:08
478.0,481.0,6780.0,私人客户,美国,1.0,2021-04-28 04:23:12
,552.0,473.0,私人客户,印度,0.0,2021-02-16 21:20:34
851.0,431.0,140.0,机构客户,中国,0.0,2020-08-28 17:28:35
114.0,838.0,205.0,,中国,1.0,2020-05-02 03:12:58
148.0,434.0,949.0,机构客户,印度,1.0,2020-11-28 12:19:52
2760.0,280.0,861.0,私人客户,德国,0.0,2023-10-09 18:07:26
914.0,627.0,742.0,机构客户,美国,1.0,2021-04-28 20:47:26
119.0,259.0,426.0,机构客户,俄罗斯,0.0,2021-06-30 21:20:21
461.0,683.0,352.0,机构客户,美国,1.0,2022-07-31 02:48:14
865.0,376.0,377.0,机构客户,日本,1.0,2022-07-24 01:44:27
317.0,316.0,790.0,私人客户,俄罗斯,0.0,2022-06-05 08:30:23
552.0,295.0,110.0,机构客户,澳大利亚,0.0,2020-04-06 08:03:59
1120.0,217.0,543.0,机构客户,日本,1.0,2023-07-24 21:33:33
993.0,,366.0,机构客户,澳大利亚,0.0,2022-09-01 01:19:12
,585.0,203.0,机构客户,美国,1.0,2023-06-30 08:59:43
284.0,441.0,518.0,机构客户,澳大利亚,1.0,2022-11-03 07:27:37
861.0,317.0,579.0,私人客户,澳大利亚,0.0,2021-11-24 16:48:50
657.0,599.0,232.0,私人客户,加拿大,,2022-05-28 03:35:41
542.0,196.0,586.0,私人客户,德国,1.0,2021-09-25 16:50:45
278.0,713.0,152.0,机构客户,俄罗斯,0.0,2023-01-03 15:28:42
517.0,,207.0,机构客户,法国,1.0,2021-05-29 16:35:52
580.0,909.0,432.0,私人客户,,0.0,2020-06-08 16:09:02
112.0,849.0,723.0,机构客户,澳大利亚,1.0,2022-08-07 18:02:17
720.0,1010.0,928.0,机构客户,澳大利亚,1.0,2022-12-08 07:52:15
,4840.0,258.0,私人客户,加拿大,1.0,2021-01-11 18:19:13
198.0,575.0,,机构客户,中国,0.0,2022-01-10 15:49:30
812.0,367.0,147.0,私人客户,澳大利亚,1.0,2020-02-04 13:14:46
469.0,824.0,602.0,私人客户,澳大利亚,1.0,2023-06-30 13:11:08
466.0,631.0,708.0,私人客户,美国,0.0,2021-07-04 20:58:56
790.0,330.0,967.0,机构客户,法国,1.0,2020-02-17 12:28:23
106.0,884.0,853.0,机构客户,美国,1.0,2022-11-06 12:28:02
123.0,5420.0,628.0,私人客户,美国,1.0,2022-03-17 15:17:10
301.0,910.0,297.0,私人客户,澳大利亚,1.0,2020-06-03 11:32:42
103.0,445.0,111.0,私人客户,美国,0.0,2023-10-16 13:19:06
998.0,797.0,971.0,私人客户,巴西,0.0,2022-07-09 07:28:49
742.0,967.0,301.0,私人客户,巴西,0.0,2023-01-08 12:24:48
342.0,564.0,542.0,私人客户,加拿大,1.0,2022-07-04 13:58:42
829.0,311.0,782.0,机构客户,巴西,0.0,2022-01-23 19:48:26
742.0,,137.0,私人客户,美国,1.0,2020-03-05 17:30:38
2730.0,405.0,364.0,机构客户,日本,1.0,2021-09-17 09:02:15
873.0,773.0,798.0,私人客户,澳大利亚,,
910.0,869.0,238.0,机构客户,德国,1.0,2022-08-26 08:46:05
878.0,571.0,253.0,机构客户,印度,0.0,2023-03-22 00:02:26
,,910.0,私人客户,印度,1.0,2020-01-23 23:20:06
6380.0,873.0,434.0,机构客户,澳大利亚,0.0,2020-09-24 08:53:15
494.0,710.0,627.0,私人客户,加拿大,1.0,2022-10-19 16:15:54
226.0,848.0,700.0,私人客户,法国,0.0,2022-08-05 02:15:49
273.0,689.0,972.0,机构客户,俄罗斯,1.0,2021-04-11 17:19:58
709.0,357.0,501.0,机构客户,巴西,1.0,2023-10-16 14:58:55
259.0,823.0,239.0,私人客户,美国,0.0,2023-03-30 12:08:34
484.0,896.0,398.0,私人客户,澳大利亚,1.0,2020-05-18 10:38:53
828.0,183.0,236.0,,日本,1.0,2022-12-10 13:46:35
233.0,803.0,504.0,机构客户,俄罗斯,0.0,2023-03-21 17:15:03
896.0,2520.0,4510.0,私人客户,俄罗斯,0.0,2021-03-14 00:44:43
371.0,,2980.0,私人客户,巴西,1.0,2020-07-02 11:23:56
368.0,,569.0,私人客户,中国,1.0,2021-12-01 05:28:16
946.0,876.0,1000.0,私人客户,巴西,0.0,2020-03-08 10:11:54
687.0,694.0,818.0,机构客户,澳大利亚,1.0,2022-10-21 18:19:56
270.0,791.0,2350.0,,美国,0.0,2023-10-26 05:01:03
578.0,9010.0,166.0,机构客户,加拿大,0.0,2020-08-17 19:11:49
922.0,621.0,424.0,机构客户,中国,0.0,2021-09-10 17:54:12
185.0,766.0,,机构客户,德国,0.0,2021-04-26 09:04:14
644.0,456.0,560.0,私人客户,法国,0.0,2023-12-16 19:00:37
406.0,626.0,273.0,机构客户,法国,0.0,2022-05-30 12:52:16
,987.0,821.0,机构客户,日本,,2022-02-16 16:32:35
822.0,632.0,902.0,机构客户,加拿大,0.0,2023-01-30 02:19:06
542.0,115.0,364.0,私人客户,法国,1.0,2023-07-27 21:37:58
483.0,182.0,357.0,机构客户,俄罗斯,0.0,2021-02-05 11:07:32
724.0,436.0,,机构客户,德国,1.0,2021-04-09 00:36:17
246.0,924.0,876.0,机构客户,俄罗斯,0.0,2023-04-25 12:33:10
4380.0,7790.0,389.0,机构客户,日本,1.0,2021-05-18 20:12:53
840.0,213.0,760.0,机构客户,印度,1.0,2022-11-18 16:23:52
224.0,853.0,,,,,2020-10-22 19:31:28
784.0,486.0,367.0,机构客户,,1.0,2022-05-01 21:28:41
223.0,253.0,739.0,私人客户,印度,0.0,2021-02-23 07:32:14
646.0,366.0,600.0,机构客户,德国,1.0,2022-12-21 05:13:33
298.0,556.0,522.0,私人客户,澳大利亚,0.0,2022-09-20 10:14:41
144.0,797.0,349.0,机构客户,印度,0.0,2023-09-19 01:11:49
217.0,6870.0,989.0,机构客户,美国,0.0,2020-09-13 05:51:03
583.0,313.0,498.0,机构客户,法国,0.0,2020-07-20 06:53:10
619.0,954.0,591.0,机构客户,日本,1.0,2022-06-07 07:03:47
191.0,562.0,517.0,,日本,1.0,2022-09-14 00:56:57
539.0,366.0,809.0,机构客户,俄罗斯,0.0,2020-09-01 17:47:53
664.0,838.0,9010.0,私人客户,俄罗斯,0.0,2021-01-30 20:51:28
504.0,876.0,493.0,机构客户,印度,1.0,2020-12-31 10:44:22
724.0,574.0,819.0,私人客户,澳大利亚,,2022-07-24 07:45:02
451.0,409.0,216.0,私人客户,加拿大,1.0,2020-03-30 05:09:17
342.0,775.0,497.0,私人客户,德国,1.0,2023-12-01 17:13:54
854.0,585.0,474.0,机构客户,法国,,2022-11-08 11:00:49
673.0,437.0,1160.0,私人客户,印度,0.0,2021-06-13 20:42:15
572.0,288.0,319.0,私人客户,德国,,2021-01-01 20:54:39
679.0,285.0,555.0,私人客户,,1.0,2020-09-16 13:15:28
971.0,252.0,287.0,私人客户,德国,1.0,2020-08-30 19:31:51
858.0,605.0,146.0,机构客户,日本,0.0,2020-02-27 03:41:17
710.0,930.0,895.0,机构客户,中国,0.0,2023-06-01 07:10:12
634.0,871.0,840.0,私人客户,中国,0.0,2020-12-14 01:21:42
934.0,728.0,611.0,机构客户,德国,1.0,2021-02-25 12:41:08
995.0,263.0,256.0,私人客户,德国,1.0,2020-02-03 14:54:23
771.0,313.0,697.0,私人客户,法国,0.0,2021-11-27 18:22:18
455.0,396.0,516.0,机构客户,法国,0.0,2022-02-22 22:52:03
484.0,144.0,917.0,私人客户,加拿大,0.0,2021-03-06 17:31:57
552.0,945.0,480.0,机构客户,德国,1.0,2023-06-14 22:49:38
922.0,642.0,319.0,机构客户,巴西,1.0,2022-07-14 10:51:23
449.0,397.0,616.0,机构客户,德国,0.0,2020-02-23 07:00:23
509.0,835.0,611.0,机构客户,法国,1.0,2021-03-29 17:54:30
560.0,329.0,462.0,机构客户,德国,1.0,2022-03-05 21:20:29
779.0,756.0,276.0,机构客户,俄罗斯,1.0,2021-01-11 12:38:04
587.0,7360.0,759.0,机构客户,德国,1.0,2020-08-06 23:13:54
3630.0,305.0,304.0,机构客户,澳大利亚,0.0,2022-09-27 01:26:44
809.0,331.0,978.0,私人客户,俄罗斯,1.0,2023-11-21 09:06:25
287.0,702.0,204.0,私人客户,日本,0.0,2021-12-15 20:09:36
501.0,620.0,831.0,私人客户,印度,0.0,2021-12-06 08:33:26
152.0,265.0,731.0,私人客户,,0.0,2023-08-20 08:59:41
204.0,238.0,206.0,私人客户,,1.0,2023-11-04 20:10:38
757.0,390.0,9250.0,机构客户,巴西,1.0,2022-09-22 11:58:33
,729.0,263.0,机构客户,日本,0.0,2023-09-18 14:37:04
971.0,208.0,492.0,机构客户,美国,1.0,2020-05-05 16:09:06
672.0,,949.0,私人客户,法国,0.0,2022-10-09 22:25:20
251.0,630.0,606.0,私人客户,中国,0.0,
4810.0,133.0,113.0,私人客户,中国,0.0,2022-12-24 16:03:15
435.0,347.0,777.0,机构客户,印度,1.0,2020-02-12 16:03:34
827.0,842.0,805.0,机构客户,法国,0.0,2023-01-17 06:38:41
735.0,447.0,315.0,私人客户,德国,0.0,2023-08-07 20:54:30
487.0,156.0,214.0,机构客户,巴西,1.0,2023-09-23 08:07:38
431.0,697.0,171.0,私人客户,美国,0.0,2022-09-17 01:31:49
859.0,829.0,331.0,,澳大利亚,1.0,2022-12-24 12:14:50
147.0,773.0,803.0,机构客户,俄罗斯,1.0,2022-10-23 09:47:15
274.0,347.0,965.0,私人客户,澳大利亚,0.0,2023-04-24 06:48:54
,471.0,574.0,机构客户,德国,1.0,2021-08-30 19:38:58
606.0,213.0,907.0,私人客户,澳大利亚,0.0,2022-07-14 17:02:05
128.0,665.0,672.0,私人客户,法国,0.0,2020-05-10 23:49:37
541.0,215.0,927.0,私人客户,澳大利亚,1.0,2022-08-25 05:07:04
504.0,323.0,633.0,私人客户,印度,0.0,2023-12-16 06:54:32
142.0,870.0,774.0,机构客户,日本,1.0,2020-08-15 16:16:24
687.0,789.0,947.0,机构客户,印度,0.0,2023-09-24 07:21:53
468.0,,703.0,机构客户,法国,0.0,2023-04-24 10:32:14
5360.0,194.0,252.0,机构客户,美国,0.0,2022-10-07 06:12:21
356.0,368.0,240.0,机构客户,印度,0.0,2023-02-12 05:17:08
403.0,135.0,706.0,机构客户,印度,1.0,2022-12-28 07:58:15
867.0,935.0,198.0,机构客户,法国,0.0,2020-01-24 06:47:15
651.0,224.0,282.0,私人客户,印度,0.0,2021-01-22 21:32:05
444.0,,,私人客户,德国,0.0,2022-05-12 01:00:05
880.0,3180.0,,私人客户,印度,0.0,2021-05-31 13:08:17
600.0,974.0,434.0,私人客户,美国,1.0,
934.0,160.0,,机构客户,美国,0.0,
420.0,426.0,835.0,机构客户,印度,0.0,2022-05-20 09:24:08
973.0,683.0,,机构客户,印度,,2023-10-17 20:15:21
402.0,494.0,,机构客户,美国,1.0,2023-08-30 20:53:47
479.0,626.0,466.0,私人客户,中国,1.0,2021-12-29 04:11:12
146.0,971.0,495.0,,澳大利亚,1.0,2022-04-08 12:53:57
577.0,192.0,169.0,私人客户,加拿大,0.0,2021-10-11 21:39:59
812.0,726.0,232.0,,,1.0,2021-02-22 07:22:26
297.0,752.0,443.0,私人客户,德国,1.0,2023-07-19 22:47:23
217.0,396.0,648.0,私人客户,加拿大,0.0,2020-08-28 02:28:40
513.0,999.0,901.0,机构客户,德国,0.0,2022-04-23 08:25:00
780.0,527.0,896.0,机构客户,美国,1.0,2021-04-14 16:45:17
174.0,948.0,2500.0,私人客户,日本,0.0,2023-11-20 16:20:23
821.0,143.0,289.0,机构客户,俄罗斯,1.0,2021-06-04 18:11:16
775.0,,263.0,机构客户,,0.0,2020-01-01 05:41:03
258.0,924.0,,机构客户,印度,0.0,2021-10-25 14:35:06
472.0,948.0,672.0,私人客户,澳大利亚,1.0,
,288.0,829.0,私人客户,巴西,1.0,
,994.0,532.0,私人客户,,1.0,2021-01-21 01:14:19
114.0,,594.0,,法国,1.0,
104.0,435.0,432.0,机构客户,法国,1.0,2021-06-23 22:05:56
6230.0,288.0,840.0,私人客户,俄罗斯,1.0,2022-05-12 20:18:55
176.0,626.0,800.0,私人客户,法国,0.0,2021-09-06 21:14:29
188.0,662.0,605.0,机构客户,日本,1.0,2022-05-08 05:13:29
949.0,610.0,930.0,机构客户,法国,1.0,2020-01-18 12:31:50
626.0,711.0,210.0,机构客户,日本,0.0,2022-09-09 16:16:13
633.0,561.0,265.0,机构客户,日本,1.0,
752.0,741.0,848.0,私人客户,美国,0.0,2020-02-09 18:44:29
638.0,530.0,206.0,私人客户,法国,0.0,2022-11-03 10:59:00
996.0,211.0,319.0,机构客户,,0.0,2021-07-05 15:16:21
578.0,239.0,,机构客户,法国,1.0,2022-06-29 10:17:36
847.0,147.0,248.0,机构客户,俄罗斯,0.0,2023-12-02 14:19:25
202.0,646.0,559.0,机构客户,德国,1.0,2023-12-12 01:37:15
741.0,651.0,981.0,机构客户,俄罗斯,1.0,2023-12-09 04:16:48
738.0,748.0,173.0,私人客户,澳大利亚,1.0,
399.0,738.0,535.0,私人客户,德国,0.0,2020-08-17 08:50:08
168.0,827.0,411.0,私人客户,印度,1.0,2023-11-29 14:18:33
795.0,936.0,635.0,机构客户,巴西,1.0,2023-06-12 12:17:36
308.0,224.0,913.0,私人客户,印度,0.0,
612.0,876.0,128.0,机构客户,巴西,0.0,2023-09-05 02:41:19
4920.0,980.0,939.0,机构客户,印度,0.0,2022-04-25 01:12:22
334.0,331.0,612.0,机构客户,巴西,0.0,2020-01-21 13:21:15
5190.0,759.0,589.0,,澳大利亚,,2021-04-26 17:49:26
598.0,474.0,825.0,,俄罗斯,1.0,2021-12-27 18:10:43
679.0,874.0,997.0,机构客户,俄罗斯,0.0,2020-06-13 21:58:22
395.0,1030.0,680.0,私人客户,法国,0.0,2020-05-12 22:32:21
411.0,851.0,642.0,机构客户,加拿大,1.0,2020-09-18 18:43:07
206.0,961.0,982.0,机构客户,法国,1.0,2022-03-28 03:46:02
172.0,230.0,644.0,私人客户,法国,1.0,2020-11-01 20:28:35
499.0,4790.0,879.0,机构客户,俄罗斯,1.0,2021-07-25 11:03:57
572.0,950.0,648.0,,澳大利亚,0.0,2023-04-30 18:46:06
197.0,482.0,7000.0,机构客户,美国,1.0,2020-11-19 04:02:37
763.0,5540.0,347.0,私人客户,日本,1.0,
296.0,785.0,199.0,机构客户,日本,0.0,2022-11-20 14:12:50
463.0,474.0,850.0,机构客户,俄罗斯,1.0,2022-10-09 19:06:36
535.0,528.0,801.0,私人客户,俄罗斯,1.0,2022-07-02 21:45:26
497.0,254.0,127.0,机构客户,德国,1.0,2020-07-12 03:02:19
138.0,926.0,338.0,私人客户,印度,0.0,2020-12-18 18:16:57
276.0,955.0,866.0,机构客户,中国,1.0,2021-03-04 02:08:57
803.0,994.0,360.0,私人客户,加拿大,1.0,2020-04-30 11:47:13
700.0,228.0,128.0,私人客户,俄罗斯,1.0,2021-04-11 09:33:48
782.0,114.0,641.0,机构客户,法国,1.0,2023-04-21 08:22:30
839.0,828.0,285.0,私人客户,巴西,0.0,2022-10-17 06:49:05
631.0,986.0,940.0,机构客户,俄罗斯,,2022-06-30 04:33:48
395.0,977.0,894.0,机构客户,法国,1.0,2020-01-19 00:14:43
338.0,686.0,696.0,私人客户,德国,0.0,2021-05-31 01:35:30
379.0,563.0,402.0,机构客户,印度,1.0,2022-12-26 03:02:12
543.0,956.0,270.0,私人客户,美国,1.0,2022-12-31 06:38:58
496.0,391.0,208.0,私人客户,印度,0.0,2020-01-19 22:37:46
1050.0,543.0,938.0,机构客户,俄罗斯,,2022-05-10 12:30:42
990.0,406.0,258.0,私人客户,巴西,1.0,2020-07-07 11:30:56
182.0,381.0,994.0,私人客户,加拿大,1.0,2020-12-27 18:35:16
321.0,715.0,5300.0,机构客户,巴西,0.0,2021-04-20 00:41:41
197.0,938.0,147.0,机构客户,澳大利亚,1.0,2023-05-23 22:32:31
4870.0,751.0,,机构客户,美国,0.0,2023-04-01 21:05:42
406.0,621.0,884.0,私人客户,德国,,2022-01-08 08:50:44
,572.0,750.0,私人客户,中国,1.0,2022-01-07 01:54:04
350.0,490.0,633.0,私人客户,俄罗斯,0.0,2022-03-08 03:53:46
929.0,5630.0,343.0,私人客户,印度,1.0,2020-11-13 08:30:28
447.0,113.0,925.0,机构客户,巴西,1.0,2022-12-02 07:17:30
949.0,6070.0,724.0,私人客户,加拿大,1.0,2020-06-29 21:08:09
898.0,859.0,337.0,私人客户,加拿大,0.0,2020-12-10 17:06:19
793.0,467.0,303.0,机构客户,德国,1.0,2021-10-08 00:59:49
304.0,534.0,472.0,机构客户,巴西,1.0,2023-07-25 01:34:23
833.0,868.0,102.0,机构客户,法国,1.0,2023-04-20 04:31:32
952.0,325.0,921.0,私人客户,中国,0.0,2023-11-08 13:11:31
796.0,605.0,857.0,机构客户,法国,0.0,2023-05-13 14:51:17
206.0,530.0,625.0,,,1.0,2021-12-24 17:28:54
208.0,681.0,385.0,私人客户,中国,0.0,2022-02-04 02:13:59
969.0,2090.0,666.0,机构客户,美国,1.0,2022-06-17 19:14:10
701.0,394.0,,私人客户,澳大利亚,0.0,2023-09-15 04:56:03
140.0,178.0,299.0,机构客户,法国,0.0,2022-08-27 10:42:31
550.0,700.0,972.0,私人客户,俄罗斯,0.0,2022-08-15 16:09:09
287.0,554.0,701.0,私人客户,澳大利亚,1.0,2021-09-14 11:09:41
6440.0,546.0,405.0,私人客户,法国,0.0,2020-03-08 15:23:02
2740.0,926.0,182.0,私人客户,俄罗斯,0.0,2023-02-16 15:28:13
525.0,142.0,940.0,私人客户,法国,0.0,2020-08-20 01:41:49
102.0,736.0,153.0,机构客户,印度,0.0,2020-12-10 20:43:33
9160.0,151.0,881.0,机构客户,俄罗斯,0.0,2021-07-14 06:50:55
,446.0,646.0,机构客户,俄罗斯,0.0,2023-07-17 18:58:00
270.0,946.0,339.0,机构客户,德国,0.0,2023-03-21 06:00:45
527.0,368.0,907.0,机构客户,美国,1.0,2020-02-01 01:10:51
,921.0,984.0,私人客户,德国,0.0,2021-01-02 12:20:22
5310.0,730.0,194.0,私人客户,巴西,1.0,2020-01-28 09:16:37
964.0,249.0,174.0,私人客户,印度,1.0,2020-12-04 04:11:41
554.0,120.0,525.0,私人客户,德国,1.0,2022-11-17 00:33:15
589.0,989.0,758.0,机构客户,俄罗斯,1.0,2020-06-17 00:00:17
751.0,683.0,173.0,私人客户,印度,0.0,2022-01-12 03:36:37
195.0,904.0,715.0,私人客户,中国,0.0,2023-05-04 18:46:31
868.0,735.0,249.0,机构客户,俄罗斯,0.0,2023-08-12 17:41:06
3640.0,131.0,618.0,机构客户,巴西,1.0,2022-07-22 08:00:21
271.0,582.0,382.0,机构客户,美国,1.0,2022-03-24 08:39:56
958.0,561.0,397.0,机构客户,美国,1.0,2021-01-06 18:23:15
532.0,949.0,954.0,机构客户,巴西,1.0,2023-04-06 16:13:47
440.0,649.0,980.0,机构客户,日本,0.0,2021-02-04 11:46:33
884.0,821.0,184.0,私人客户,加拿大,0.0,2021-07-24 00:58:38
490.0,278.0,636.0,私人客户,美国,0.0,2023-05-14 23:14:09
563.0,626.0,763.0,机构客户,德国,1.0,2023-01-29 20:13:44
461.0,233.0,168.0,机构客户,法国,1.0,
425.0,141.0,623.0,私人客户,印度,0.0,2023-04-05 22:57:37
4190.0,130.0,265.0,私人客户,巴西,1.0,2020-03-13 14:46:50
,4380.0,181.0,私人客户,巴西,1.0,2023-07-20 01:27:39
833.0,859.0,122.0,私人客户,加拿大,0.0,2020-05-04 17:07:00
322.0,925.0,845.0,机构客户,日本,1.0,2021-09-28 03:04:31
965.0,163.0,516.0,机构客户,中国,1.0,2020-09-27 11:38:45
863.0,3670.0,325.0,私人客户,,1.0,2021-09-14 20:59:59
,419.0,859.0,私人客户,德国,0.0,2020-09-14 19:16:42
231.0,665.0,236.0,机构客户,德国,,2021-10-27 21:20:36
2880.0,306.0,942.0,机构客户,巴西,,2023-08-24 12:30:45
169.0,900.0,974.0,私人客户,印度,0.0,2023-12-12 03:49:05
361.0,693.0,465.0,机构客户,美国,0.0,2023-11-21 06:37:44
977.0,708.0,975.0,私人客户,日本,,2021-08-25 15:00:07
780.0,310.0,327.0,机构客户,日本,0.0,2023-01-17 12:43:44
537.0,856.0,890.0,机构客户,法国,0.0,2020-05-30 17:25:11
776.0,337.0,769.0,机构客户,美国,0.0,2020-05-12 05:09:22
835.0,995.0,650.0,私人客户,印度,1.0,2021-09-09 15:31:14
233.0,493.0,821.0,私人客户,巴西,0.0,2021-11-12 06:15:43
496.0,146.0,945.0,私人客户,中国,0.0,2023-10-18 13:52:34
,792.0,651.0,机构客户,德国,0.0,
857.0,567.0,697.0,私人客户,巴西,0.0,2022-08-05 05:29:17
828.0,765.0,790.0,机构客户,德国,0.0,2022-01-13 14:59:07
732.0,578.0,,机构客户,巴西,0.0,2023-05-14 21:27:01
463.0,614.0,446.0,私人客户,澳大利亚,1.0,2022-11-20 23:47:38
930.0,392.0,723.0,机构客户,中国,0.0,2023-02-08 13:25:48
980.0,706.0,173.0,私人客户,,1.0,2023-10-21 07:34:05
482.0,367.0,165.0,机构客户,日本,1.0,2022-01-15 00:00:17
274.0,713.0,,机构客户,澳大利亚,1.0,2022-12-07 06:59:55
157.0,,508.0,机构客户,德国,1.0,2020-05-04 22:42:11
857.0,431.0,857.0,私人客户,印度,0.0,2023-10-28 20:46:00
818.0,724.0,351.0,私人客户,美国,1.0,2020-03-02 13:24:34
948.0,501.0,,机构客户,俄罗斯,1.0,2020-12-08 17:26:06
238.0,525.0,534.0,私人客户,印度,1.0,2022-03-12 23:08:09
610.0,815.0,239.0,私人客户,美国,0.0,2021-04-04 22:51:39
356.0,458.0,808.0,私人客户,日本,0.0,
740.0,680.0,832.0,私人客户,俄罗斯,0.0,2020-08-06 18:25:20
231.0,173.0,882.0,私人客户,,,
471.0,625.0,558.0,私人客户,印度,0.0,2022-11-02 11:34:18
333.0,,343.0,,加拿大,1.0,2023-12-05 23:09:56
654.0,6250.0,200.0,私人客户,印度,0.0,2021-09-18 12:35:26
616.0,675.0,675.0,私人客户,澳大利亚,0.0,2021-05-22 21:59:39
848.0,858.0,524.0,私人客户,加拿大,0.0,2020-02-26 16:05:54
,451.0,782.0,私人客户,美国,0.0,2021-05-05 07:22:59
717.0,622.0,299.0,机构客户,巴西,0.0,2021-09-22 13:49:37
453.0,331.0,282.0,私人客户,加拿大,0.0,2022-07-26 10:18:01
774.0,770.0,4000.0,私人客户,美国,1.0,2023-09-15 04:23:21
192.0,165.0,855.0,机构客户,巴西,1.0,2020-06-12 03:15:41
441.0,8670.0,752.0,私人客户,俄罗斯,0.0,2020-08-16 17:13:33
8840.0,539.0,215.0,私人客户,日本,1.0,2022-06-05 20:09:44
763.0,115.0,963.0,私人客户,日本,0.0,2021-02-21 12:11:37
610.0,931.0,3550.0,机构客户,俄罗斯,1.0,2022-06-04 17:36:00
501.0,667.0,583.0,机构客户,俄罗斯,1.0,2023-07-11 08:55:47
628.0,266.0,533.0,私人客户,巴西,0.0,2023-05-03 04:37:06
811.0,763.0,858.0,私人客户,加拿大,,2021-11-04 13:07:20
378.0,797.0,390.0,私人客户,美国,1.0,2021-12-09 08:59:05
388.0,348.0,363.0,机构客户,中国,0.0,2020-04-10 15:12:47
515.0,560.0,481.0,机构客户,俄罗斯,1.0,2020-01-14 16:11:55
,517.0,518.0,私人客户,中国,0.0,2023-09-03 11:58:44
315.0,133.0,735.0,私人客户,中国,1.0,2021-01-13 06:20:50
105.0,419.0,1550.0,机构客户,澳大利亚,1.0,2020-09-13 15:02:51
9070.0,476.0,472.0,机构客户,,0.0,2022-05-04 18:26:36
,101.0,576.0,私人客户,巴西,0.0,2023-05-21 20:01:50
976.0,825.0,399.0,机构客户,澳大利亚,,2023-09-29 18:11:41
376.0,684.0,640.0,私人客户,澳大利亚,1.0,2022-01-12 18:55:22
437.0,403.0,5820.0,机构客户,印度,0.0,2021-06-04 17:15:07
588.0,907.0,506.0,机构客户,加拿大,0.0,2023-04-26 06:54:28
977.0,559.0,940.0,机构客户,德国,0.0,2020-07-03 02:15:51
846.0,998.0,859.0,机构客户,日本,1.0,2021-02-16 21:21:00
765.0,522.0,,私人客户,中国,0.0,2022-06-25 15:58:07
959.0,,375.0,私人客户,印度,0.0,2021-01-02 01:37:09
678.0,393.0,523.0,机构客户,巴西,1.0,2022-10-02 10:43:14
618.0,585.0,766.0,机构客户,,,2023-07-20 14:26:02
,850.0,429.0,私人客户,巴西,0.0,2021-08-12 16:02:49
892.0,855.0,862.0,机构客户,日本,0.0,2023-10-07 09:27:29
753.0,787.0,202.0,私人客户,美国,,2022-05-11 06:23:39
493.0,,839.0,私人客户,法国,1.0,2023-03-07 07:29:51
903.0,318.0,251.0,私人客户,中国,1.0,2022-03-19 17:11:14
107.0,700.0,598.0,私人客户,美国,1.0,2023-04-03 07:13:33
721.0,913.0,899.0,机构客户,美国,1.0,2022-06-30 01:31:47
167.0,144.0,9040.0,机构客户,法国,1.0,2023-11-05 00:24:56
160.0,234.0,127.0,机构客户,巴西,0.0,2022-09-27 16:48:52
517.0,,452.0,机构客户,中国,,2022-12-25 09:40:58
9210.0,651.0,910.0,机构客户,日本,0.0,2020-07-04 11:56:09
227.0,391.0,438.0,机构客户,德国,0.0,2020-04-26 22:12:42
574.0,283.0,387.0,机构客户,巴西,0.0,2022-11-09 23:38:42
,622.0,834.0,机构客户,德国,1.0,2022-12-22 03:46:08
914.0,490.0,760.0,,加拿大,1.0,2021-07-05 23:30:08
612.0,313.0,386.0,机构客户,,1.0,2021-06-29 05:26:29
543.0,781.0,562.0,机构客户,加拿大,1.0,2022-01-28 09:50:43
901.0,130.0,424.0,机构客户,日本,0.0,2020-01-02 20:43:55
967.0,762.0,,私人客户,澳大利亚,1.0,2023-05-18 03:44:05
877.0,972.0,224.0,私人客户,印度,1.0,2020-03-26 07:54:18
187.0,456.0,118.0,机构客户,俄罗斯,0.0,2023-04-22 00:22:00
206.0,284.0,315.0,私人客户,加拿大,0.0,2023-09-30 07:03:13
,875.0,260.0,机构客户,美国,1.0,2020-10-19 03:03:10
145.0,194.0,197.0,私人客户,德国,0.0,2022-12-21 18:18:47
504.0,444.0,421.0,私人客户,德国,1.0,2021-11-14 21:30:56
543.0,4050.0,733.0,机构客户,印度,0.0,2023-11-06 02:09:30
719.0,143.0,536.0,机构客户,巴西,0.0,2020-05-28 02:47:04
679.0,354.0,,私人客户,日本,0.0,2020-05-14 07:09:15
391.0,263.0,401.0,机构客户,澳大利亚,1.0,2023-04-16 10:01:53
986.0,854.0,564.0,私人客户,俄罗斯,1.0,2023-10-10 06:16:41
227.0,839.0,313.0,私人客户,美国,0.0,2020-09-14 15:25:15
386.0,291.0,919.0,机构客户,德国,,2023-11-27 16:23:14
214.0,599.0,910.0,机构客户,澳大利亚,1.0,2023-01-06 10:42:12
877.0,,773.0,机构客户,德国,0.0,2020-09-19 22:05:53
947.0,194.0,557.0,私人客户,印度,1.0,2023-12-27 21:24:06
473.0,308.0,864.0,私人客户,日本,1.0,2020-04-01 21:05:17
561.0,512.0,136.0,私人客户,德国,0.0,2022-10-10 22:24:18
258.0,631.0,692.0,私人客户,印度,,2023-11-08 04:29:49
880.0,682.0,929.0,机构客户,德国,1.0,2023-09-15 07:56:32
357.0,483.0,392.0,私人客户,德国,0.0,2022-02-15 13:23:47
707.0,945.0,848.0,私人客户,法国,0.0,2020-01-25 04:31:16
362.0,944.0,579.0,机构客户,德国,0.0,2023-09-17 03:20:47
668.0,336.0,438.0,私人客户,法国,0.0,2020-06-08 02:05:51
922.0,394.0,927.0,机构客户,印度,0.0,2022-08-04 11:47:31
489.0,133.0,510.0,机构客户,中国,0.0,2021-02-09 19:58:26
819.0,716.0,710.0,机构客户,日本,0.0,2021-09-12 10:37:29
405.0,994.0,562.0,私人客户,中国,0.0,2023-12-06 19:35:50
285.0,900.0,706.0,私人客户,日本,0.0,2022-09-28 15:30:01
221.0,428.0,868.0,私人客户,印度,1.0,2021-10-03 00:44:32
591.0,548.0,224.0,私人客户,澳大利亚,,2020-05-27 23:25:44
733.0,561.0,215.0,机构客户,澳大利亚,1.0,2021-09-12 03:41:23
166.0,7090.0,282.0,机构客户,加拿大,0.0,2023-01-09 06:25:41
937.0,441.0,168.0,私人客户,俄罗斯,0.0,2020-10-29 16:47:48
135.0,156.0,843.0,私人客户,俄罗斯,1.0,2022-03-03 08:59:30
739.0,600.0,997.0,私人客户,加拿大,0.0,2023-06-21 11:17:59
936.0,764.0,923.0,私人客户,俄罗斯,1.0,2020-10-07 04:51:26
548.0,208.0,268.0,机构客户,俄罗斯,0.0,2021-03-09 00:34:10
655.0,1000.0,715.0,机构客户,加拿大,1.0,
662.0,666.0,309.0,私人客户,美国,0.0,2022-12-03 19:14:16
533.0,748.0,436.0,机构客户,澳大利亚,0.0,2023-07-06 06:25:57
906.0,682.0,798.0,私人客户,澳大利亚,,2023-06-30 07:46:52
892.0,482.0,760.0,机构客户,俄罗斯,1.0,2020-06-05 04:26:46
551.0,818.0,802.0,私人客户,巴西,1.0,2020-07-31 11:48:47
,299.0,134.0,机构客户,日本,1.0,2023-07-22 12:41:52
340.0,592.0,444.0,私人客户,中国,0.0,2020-11-13 20:49:47
224.0,,617.0,机构客户,印度,0.0,2022-07-02 03:52:38
915.0,389.0,668.0,私人客户,日本,1.0,2021-12-30 02:22:20
345.0,913.0,503.0,机构客户,,0.0,2020-05-28 22:33:43
118.0,583.0,,机构客户,德国,1.0,2021-10-21 06:32:28
643.0,861.0,397.0,私人客户,美国,0.0,2020-12-08 15:46:23
4510.0,853.0,626.0,私人客户,美国,,2023-08-27 19:46:33
863.0,252.0,950.0,机构客户,德国,1.0,2020-10-26 13:58:06
136.0,,,私人客户,美国,1.0,2023-09-10 10:18:56
113.0,783.0,921.0,机构客户,日本,0.0,2023-04-04 05:34:18
148.0,301.0,840.0,私人客户,法国,1.0,2023-08-11 21:23:28
752.0,432.0,284.0,机构客户,印度,1.0,2023-11-27 03:19:28
587.0,321.0,949.0,私人客户,德国,0.0,
2050.0,591.0,796.0,私人客户,俄罗斯,1.0,2021-04-29 10:04:15
626.0,511.0,366.0,机构客户,美国,1.0,2023-12-20 13:43:44
954.0,496.0,982.0,私人客户,中国,0.0,2021-08-26 03:12:01
396.0,971.0,672.0,私人客户,俄罗斯,0.0,2023-06-11 06:15:43
751.0,893.0,,私人客户,印度,0.0,2020-10-25 10:45:28
985.0,503.0,869.0,机构客户,日本,0.0,2022-11-07 00:50:47
423.0,471.0,261.0,私人客户,法国,0.0,2023-11-24 20:40:48
682.0,966.0,540.0,机构客户,日本,1.0,2021-01-12 13:13:45
397.0,233.0,795.0,私人客户,美国,1.0,2023-03-24 10:06:43
995.0,789.0,744.0,私人客户,中国,0.0,2021-07-14 02:10:54
153.0,630.0,104.0,私人客户,印度,1.0,2022-08-21 19:56:12
659.0,645.0,355.0,机构客户,日本,1.0,2021-03-30 14:28:07
654.0,297.0,211.0,机构客户,法国,,2021-09-05 12:52:57
593.0,382.0,999.0,私人客户,日本,1.0,2022-03-09 19:14:24
,945.0,987.0,机构客户,,1.0,2021-01-06 02:36:49
268.0,616.0,617.0,机构客户,中国,0.0,2020-02-01 08:16:59
957.0,342.0,268.0,机构客户,印度,0.0,2020-01-21 12:38:54
118.0,232.0,288.0,私人客户,巴西,0.0,2021-05-18 01:15:15
634.0,948.0,991.0,机构客户,德国,0.0,2023-07-07 02:22:46
922.0,351.0,195.0,私人客户,澳大利亚,0.0,
406.0,226.0,2340.0,机构客户,俄罗斯,1.0,2022-01-27 13:50:47
482.0,,407.0,私人客户,法国,0.0,2022-09-23 15:43:09
436.0,767.0,708.0,私人客户,,1.0,2022-11-21 05:54:53
277.0,848.0,681.0,,德国,0.0,2020-01-29 23:16:30
359.0,256.0,,私人客户,德国,0.0,2022-08-15 13:22:26
870.0,443.0,630.0,机构客户,巴西,1.0,2021-11-09 08:43:07
267.0,755.0,444.0,私人客户,法国,0.0,2022-07-20 10:15:38
559.0,,739.0,私人客户,澳大利亚,0.0,2023-04-28 06:49:25
792.0,822.0,691.0,私人客户,德国,1.0,2020-05-14 03:39:43
681.0,863.0,545.0,私人客户,巴西,0.0,2020-10-31 07:19:11
835.0,211.0,6450.0,机构客户,德国,1.0,2020-12-03 07:37:55
193.0,863.0,251.0,私人客户,巴西,0.0,2020-04-30 23:21:32
252.0,809.0,467.0,机构客户,澳大利亚,1.0,2020-08-27 07:33:56
309.0,302.0,640.0,机构客户,俄罗斯,0.0,2021-11-01 21:34:02
856.0,356.0,808.0,机构客户,巴西,1.0,2021-11-30 06:13:09
665.0,640.0,163.0,私人客户,日本,1.0,2023-03-03 03:50:59
802.0,979.0,545.0,私人客户,法国,1.0,2021-07-19 01:19:00
749.0,524.0,719.0,私人客户,中国,1.0,2020-01-21 14:27:20
607.0,127.0,535.0,机构客户,法国,1.0,2023-04-12 17:55:35
162.0,901.0,347.0,机构客户,德国,1.0,2022-11-23 15:12:11
731.0,270.0,,私人客户,加拿大,1.0,2022-07-16 07:57:27
,208.0,646.0,私人客户,澳大利亚,1.0,2023-07-26 12:34:21
,968.0,8790.0,私人客户,日本,,2022-05-30 22:43:54
857.0,663.0,754.0,,俄罗斯,0.0,2021-10-28 09:34:14
124.0,890.0,279.0,私人客户,德国,0.0,2020-12-14 00:19:46
919.0,864.0,988.0,私人客户,印度,0.0,2022-10-30 20:09:10
771.0,,,机构客户,印度,0.0,2022-03-15 22:50:50
460.0,,599.0,机构客户,巴西,1.0,2022-12-04 05:01:33
781.0,262.0,756.0,机构客户,德国,0.0,2020-01-26 15:40:16
863.0,703.0,537.0,私人客户,巴西,1.0,2023-04-21 08:09:09
631.0,490.0,257.0,机构客户,中国,1.0,2020-09-24 14:55:02
272.0,303.0,421.0,私人客户,印度,0.0,2021-11-05 14:19:47
936.0,542.0,101.0,机构客户,印度,0.0,2023-09-19 07:35:01
632.0,948.0,232.0,机构客户,加拿大,0.0,2020-12-06 09:10:42
377.0,,844.0,机构客户,法国,0.0,2020-05-07 18:22:54
314.0,,4160.0,私人客户,德国,1.0,2022-08-14 23:03:04
535.0,9620.0,814.0,机构客户,加拿大,0.0,2023-03-21 05:02:06
389.0,208.0,637.0,私人客户,澳大利亚,1.0,2020-02-04 10:08:24
680.0,222.0,290.0,机构客户,印度,0.0,2021-01-25 13:44:41
166.0,595.0,715.0,机构客户,巴西,0.0,2020-01-15 03:16:49
215.0,689.0,953.0,,日本,0.0,2022-12-15 02:32:33
854.0,411.0,956.0,机构客户,美国,0.0,2021-12-22 13:25:05
774.0,900.0,345.0,机构客户,俄罗斯,,2023-09-06 09:54:38
101.0,671.0,105.0,私人客户,巴西,0.0,2022-12-09 06:21:43
7420.0,662.0,457.0,私人客户,俄罗斯,0.0,2021-01-30 07:49:50
479.0,,922.0,机构客户,巴西,0.0,2023-09-18 10:11:21
464.0,122.0,929.0,机构客户,澳大利亚,1.0,2023-08-19 19:56:05
319.0,900.0,416.0,私人客户,加拿大,1.0,2021-01-03 15:26:04
,152.0,427.0,私人客户,德国,0.0,2022-10-05 12:38:44
476.0,608.0,833.0,,巴西,0.0,2022-10-16 02:38:16
693.0,907.0,333.0,机构客户,澳大利亚,0.0,2022-03-15 11:43:09
735.0,520.0,206.0,机构客户,,1.0,2022-02-20 13:54:08
235.0,969.0,728.0,私人客户,俄罗斯,,2020-03-08 00:59:15
428.0,393.0,9170.0,机构客户,,0.0,2020-09-10 00:25:00
396.0,723.0,610.0,机构客户,俄罗斯,1.0,2022-03-31 03:05:08
675.0,545.0,444.0,,俄罗斯,1.0,2022-06-09 06:25:47
442.0,509.0,507.0,私人客户,日本,,2022-12-04 09:05:05
456.0,783.0,426.0,私人客户,俄罗斯,0.0,2022-07-03 18:13:44
556.0,643.0,844.0,机构客户,加拿大,0.0,2021-09-16 06:59:42
1370.0,216.0,,,澳大利亚,0.0,2020-12-30 16:28:30
135.0,258.0,526.0,机构客户,法国,1.0,2021-11-30 10:43:40
523.0,902.0,688.0,机构客户,印度,0.0,2023-04-06 03:21:45
973.0,264.0,830.0,私人客户,美国,1.0,2022-05-30 11:38:27
149.0,488.0,126.0,机构客户,中国,0.0,2020-09-17 09:54:23
779.0,750.0,928.0,私人客户,日本,1.0,2021-12-01 10:20:48
117.0,558.0,821.0,私人客户,德国,1.0,2023-05-26 00:57:11
,312.0,923.0,私人客户,澳大利亚,0.0,2022-08-06 07:03:04
738.0,305.0,298.0,私人客户,加拿大,0.0,2021-12-11 14:05:56
,351.0,509.0,私人客户,澳大利亚,0.0,2020-03-26 01:38:46
490.0,830.0,545.0,机构客户,加拿大,0.0,2020-07-29 17:31:04
606.0,598.0,466.0,私人客户,加拿大,0.0,2023-11-07 04:40:00
487.0,616.0,231.0,机构客户,澳大利亚,0.0,2022-11-17 04:04:14
683.0,411.0,438.0,私人客户,印度,1.0,2020-05-11 15:02:25
831.0,969.0,524.0,,加拿大,0.0,2023-08-07 18:07:51
432.0,953.0,807.0,机构客户,巴西,1.0,2021-05-08 19:46:24
487.0,353.0,721.0,机构客户,法国,0.0,2021-02-05 01:27:54
661.0,768.0,184.0,私人客户,中国,1.0,2023-04-01 14:13:36
5330.0,687.0,787.0,私人客户,日本,1.0,
417.0,8430.0,135.0,机构客户,法国,0.0,
508.0,444.0,683.0,私人客户,中国,1.0,2023-08-23 21:29:03
730.0,381.0,991.0,机构客户,澳大利亚,0.0,2022-07-21 15:37:32
367.0,922.0,475.0,机构客户,,0.0,2021-03-01 22:14:46
312.0,416.0,165.0,机构客户,印度,0.0,2021-01-08 16:39:06
671.0,7800.0,278.0,私人客户,巴西,0.0,2021-08-16 05:30:44
784.0,515.0,596.0,机构客户,澳大利亚,1.0,2020-04-08 15:32:10
179.0,275.0,729.0,机构客户,巴西,0.0,2021-01-05 17:47:40
732.0,474.0,447.0,私人客户,俄罗斯,1.0,2022-01-04 20:41:36
165.0,628.0,281.0,机构客户,澳大利亚,1.0,2021-03-27 14:43:09
,317.0,565.0,机构客户,德国,0.0,2023-07-20 14:39:02
305.0,937.0,967.0,机构客户,美国,1.0,2022-09-01 15:24:17
421.0,975.0,261.0,私人客户,印度,1.0,2022-11-16 15:26:19
116.0,2370.0,240.0,私人客户,法国,0.0,2020-06-22 08:25:14
462.0,,981.0,机构客户,加拿大,0.0,2022-01-11 07:49:06
823.0,860.0,629.0,私人客户,俄罗斯,1.0,2020-06-17 19:43:55
796.0,554.0,274.0,机构客户,德国,0.0,2020-09-05 03:44:14
698.0,757.0,713.0,机构客户,中国,,2021-04-30 05:44:03
583.0,397.0,364.0,私人客户,日本,1.0,2022-10-02 15:00:29
582.0,858.0,,私人客户,日本,0.0,2020-09-12 18:35:49
492.0,202.0,775.0,私人客户,中国,0.0,2020-06-18 09:49:07
165.0,826.0,757.0,机构客户,澳大利亚,1.0,2022-11-08 11:07:58
999.0,152.0,352.0,私人客户,日本,1.0,2022-08-28 22:02:35
124.0,6330.0,144.0,机构客户,印度,0.0,2022-11-03 22:58:10
120.0,952.0,840.0,私人客户,法国,0.0,2021-10-17 18:25:03
738.0,512.0,164.0,私人客户,日本,0.0,2022-12-04 10:32:18
411.0,529.0,,私人客户,日本,,2022-05-09 17:49:46
253.0,926.0,436.0,机构客户,中国,,2022-04-06 08:15:56
293.0,,657.0,私人客户,巴西,0.0,2023-09-09 04:35:21
129.0,831.0,795.0,私人客户,俄罗斯,0.0,2022-11-20 19:47:31
382.0,428.0,547.0,机构客户,俄罗斯,0.0,2022-11-27 18:23:45
313.0,225.0,679.0,机构客户,德国,0.0,2021-11-12 15:30:16
601.0,369.0,625.0,私人客户,法国,0.0,2022-02-06 15:01:32
145.0,539.0,816.0,私人客户,,1.0,2022-03-24 15:49:02
303.0,125.0,487.0,私人客户,美国,0.0,2023-05-11 01:12:46
344.0,419.0,843.0,私人客户,俄罗斯,0.0,2021-06-09 07:14:28
920.0,659.0,199.0,机构客户,美国,0.0,2020-12-19 23:08:36
385.0,670.0,3440.0,私人客户,,0.0,2023-03-13 10:15:31
775.0,255.0,327.0,,德国,1.0,2023-07-16 17:58:15
667.0,266.0,428.0,机构客户,日本,0.0,2022-01-09 23:52:40
932.0,904.0,191.0,机构客户,美国,1.0,2023-03-14 13:42:21
199.0,,771.0,,加拿大,0.0,2023-04-03 06:11:38
,283.0,337.0,私人客户,,1.0,2022-02-16 03:31:08
,405.0,216.0,私人客户,日本,0.0,2021-01-01 08:03:53
921.0,591.0,412.0,机构客户,澳大利亚,0.0,2021-05-24 11:04:41
306.0,470.0,736.0,机构客户,加拿大,0.0,2022-06-22 13:46:27
759.0,728.0,566.0,机构客户,巴西,0.0,
702.0,428.0,328.0,,中国,1.0,2021-08-08 05:40:27
196.0,638.0,774.0,机构客户,俄罗斯,0.0,2020-07-09 07:18:11
155.0,997.0,540.0,机构客户,印度,1.0,2020-11-09 06:33:35
754.0,797.0,427.0,机构客户,法国,1.0,2023-12-24 20:20:15
459.0,556.0,984.0,机构客户,澳大利亚,0.0,2022-09-11 20:26:35
328.0,7210.0,551.0,机构客户,加拿大,1.0,2020-11-02 07:48:26
8040.0,233.0,983.0,机构客户,德国,1.0,2020-03-22 05:35:01
986.0,339.0,346.0,机构客户,加拿大,1.0,2021-11-24 14:15:53
149.0,,687.0,私人客户,日本,0.0,2023-02-25 00:21:50
422.0,197.0,165.0,私人客户,巴西,1.0,2023-06-09 06:03:47
725.0,929.0,3750.0,私人客户,澳大利亚,1.0,2023-08-05 10:41:49
832.0,632.0,829.0,机构客户,俄罗斯,1.0,2020-01-18 00:13:17
495.0,952.0,873.0,私人客户,巴西,0.0,
896.0,621.0,286.0,私人客户,俄罗斯,0.0,2022-04-01 09:26:37
247.0,152.0,883.0,机构客户,,0.0,2021-10-27 13:49:24
920.0,561.0,730.0,私人客户,巴西,0.0,2020-03-06 09:51:25
688.0,324.0,754.0,私人客户,中国,1.0,2020-09-14 12:28:56
635.0,,393.0,机构客户,澳大利亚,0.0,2023-06-14 19:29:17
456.0,213.0,774.0,机构客户,法国,0.0,2021-09-18 08:52:07
938.0,262.0,,私人客户,印度,0.0,2020-04-16 01:40:15
517.0,828.0,275.0,机构客户,澳大利亚,0.0,2022-12-20 23:04:44
126.0,142.0,776.0,私人客户,德国,1.0,2021-02-13 01:56:36
120.0,993.0,180.0,机构客户,德国,0.0,2021-12-25 05:55:02
561.0,856.0,392.0,机构客户,加拿大,0.0,2022-06-27 03:51:46
445.0,748.0,461.0,机构客户,俄罗斯,0.0,2020-03-28 03:09:20
108.0,912.0,917.0,私人客户,日本,0.0,2023-12-10 10:24:54
657.0,615.0,,私人客户,巴西,1.0,2023-11-12 04:29:08
6560.0,553.0,468.0,机构客户,加拿大,0.0,2022-01-21 05:02:20
611.0,494.0,473.0,私人客户,俄罗斯,1.0,2021-01-16 10:51:11
589.0,549.0,168.0,机构客户,澳大利亚,0.0,2021-11-11 12:35:46
928.0,888.0,267.0,私人客户,澳大利亚,0.0,2020-10-20 10:52:16
722.0,689.0,594.0,机构客户,印度,0.0,2021-05-23 11:58:48
182.0,378.0,946.0,机构客户,日本,1.0,2021-05-22 20:21:09
367.0,322.0,187.0,机构客户,日本,1.0,2020-01-19 23:30:11
681.0,607.0,964.0,私人客户,俄罗斯,1.0,2023-04-24 04:48:00
628.0,970.0,437.0,机构客户,加拿大,,2020-04-24 14:23:25
766.0,720.0,841.0,机构客户,加拿大,0.0,2020-01-01 05:09:54
631.0,,,私人客户,澳大利亚,0.0,2021-04-07 10:11:25
740.0,109.0,,机构客户,中国,0.0,2020-02-17 09:12:43
758.0,936.0,,私人客户,澳大利亚,,2022-03-14 00:00:28
766.0,726.0,407.0,机构客户,美国,1.0,2021-09-24 00:44:31
490.0,888.0,910.0,机构客户,德国,1.0,2020-04-08 11:05:20
551.0,262.0,,私人客户,德国,1.0,2023-06-10 21:44:45
596.0,8720.0,577.0,私人客户,澳大利亚,0.0,
416.0,154.0,,私人客户,日本,1.0,2022-08-16 01:02:10
145.0,558.0,,私人客户,澳大利亚,0.0,2020-09-13 13:41:49
856.0,260.0,457.0,私人客户,德国,1.0,2021-11-06 22:46:34
8130.0,630.0,766.0,私人客户,中国,0.0,2021-05-15 04:24:18
5700.0,234.0,589.0,机构客户,美国,0.0,2023-09-27 03:23:55
218.0,468.0,650.0,私人客户,加拿大,1.0,2020-07-16 17:01:08
757.0,691.0,649.0,私人客户,澳大利亚,1.0,2023-05-22 04:31:59
297.0,909.0,,机构客户,巴西,1.0,2020-02-05 14:01:47
497.0,497.0,912.0,机构客户,俄罗斯,1.0,2021-09-01 12:07:12
325.0,969.0,625.0,机构客户,加拿大,0.0,2020-04-09 00:57:48
644.0,816.0,878.0,私人客户,加拿大,0.0,2020-05-29 16:08:14
990.0,223.0,9750.0,私人客户,德国,1.0,2021-08-08 16:30:42
585.0,159.0,564.0,私人客户,日本,0.0,
843.0,843.0,138.0,私人客户,俄罗斯,0.0,2022-03-27 17:46:40
895.0,991.0,853.0,私人客户,巴西,0.0,2020-02-26 08:15:35
672.0,410.0,174.0,机构客户,日本,0.0,2020-02-05 21:19:51
283.0,227.0,799.0,私人客户,法国,1.0,2023-11-12 10:33:54
852.0,237.0,292.0,私人客户,加拿大,1.0,2021-08-21 01:11:50
774.0,3470.0,335.0,私人客户,日本,0.0,2020-11-04 01:56:30
397.0,166.0,571.0,私人客户,俄罗斯,0.0,2021-07-25 17:40:55
957.0,643.0,2090.0,私人客户,巴西,1.0,2021-12-27 21:49:16
,544.0,7550.0,私人客户,中国,1.0,2022-07-19 08:49:14
122.0,415.0,596.0,私人客户,日本,0.0,2023-12-30 09:10:21
540.0,646.0,112.0,私人客户,巴西,0.0,2023-02-11 04:45:37
887.0,641.0,588.0,,印度,1.0,2023-10-24 17:33:37
922.0,150.0,775.0,机构客户,日本,,2022-02-02 08:40:13
707.0,209.0,794.0,机构客户,法国,1.0,2021-03-08 19:47:33
709.0,233.0,167.0,私人客户,日本,1.0,2021-05-13 11:19:16
117.0,493.0,286.0,私人客户,澳大利亚,0.0,2022-09-07 14:31:37
140.0,,316.0,机构客户,加拿大,0.0,2021-02-05 13:42:15
820.0,483.0,208.0,私人客户,俄罗斯,1.0,2022-03-28 18:30:18
962.0,460.0,814.0,私人客户,巴西,0.0,2021-12-03 21:39:06
919.0,376.0,528.0,私人客户,澳大利亚,0.0,2021-08-08 08:06:47
124.0,876.0,,私人客户,德国,1.0,2023-08-26 00:31:51
373.0,487.0,364.0,私人客户,德国,1.0,2023-10-05 22:59:52
631.0,706.0,,机构客户,中国,1.0,2020-09-02 16:35:05
479.0,938.0,349.0,机构客户,美国,1.0,2022-08-25 01:45:25
601.0,656.0,851.0,机构客户,巴西,0.0,2021-08-18 20:16:47
565.0,120.0,749.0,机构客户,德国,0.0,2023-09-16 19:32:19
966.0,809.0,705.0,机构客户,俄罗斯,0.0,2020-06-01 11:39:51
236.0,729.0,884.0,私人客户,美国,1.0,2023-02-25 06:06:00
194.0,541.0,703.0,私人客户,中国,1.0,2023-06-21 11:12:50
301.0,186.0,297.0,机构客户,加拿大,1.0,
165.0,,612.0,机构客户,俄罗斯,0.0,2020-12-19 16:34:47
395.0,,904.0,,加拿大,0.0,2022-04-09 22:18:37
385.0,410.0,944.0,私人客户,美国,0.0,2023-06-16 11:04:14
115.0,110.0,936.0,私人客户,澳大利亚,0.0,2023-07-28 14:30:00
714.0,632.0,815.0,机构客户,日本,1.0,2021-12-28 03:44:29
690.0,718.0,778.0,,法国,0.0,2021-12-24 22:03:00
243.0,773.0,483.0,私人客户,巴西,0.0,2021-10-11 06:51:53
139.0,602.0,7560.0,私人客户,巴西,0.0,2022-10-26 19:41:47
988.0,,110.0,私人客户,德国,0.0,2022-05-21 15:32:00
526.0,249.0,504.0,机构客户,俄罗斯,0.0,2022-08-17 16:46:27
184.0,362.0,292.0,私人客户,俄罗斯,1.0,2020-08-25 08:59:03
257.0,112.0,354.0,私人客户,加拿大,0.0,2023-08-10 17:56:54
683.0,339.0,912.0,私人客户,俄罗斯,0.0,2020-09-16 10:39:50
6220.0,823.0,549.0,机构客户,日本,1.0,2022-12-14 22:38:58
956.0,663.0,144.0,机构客户,美国,1.0,2023-10-21 08:31:32
735.0,545.0,332.0,机构客户,日本,0.0,2020-02-13 18:28:46
438.0,865.0,256.0,机构客户,德国,1.0,2023-12-15 07:14:29
535.0,254.0,509.0,私人客户,法国,0.0,2021-09-28 18:50:57
368.0,440.0,751.0,私人客户,加拿大,0.0,2023-03-28 01:21:36
614.0,316.0,842.0,机构客户,德国,1.0,2020-07-22 11:33:00
219.0,906.0,621.0,机构客户,加拿大,0.0,2021-06-22 03:57:54
518.0,3040.0,159.0,私人客户,俄罗斯,1.0,2021-04-08 11:18:52
348.0,827.0,769.0,私人客户,德国,1.0,2022-06-23 22:09:27
854.0,162.0,379.0,私人客户,印度,0.0,2020-02-28 20:19:08
141.0,191.0,587.0,机构客户,印度,0.0,2021-07-21 18:38:02
513.0,140.0,870.0,机构客户,日本,1.0,2022-05-01 12:52:47
,883.0,150.0,私人客户,美国,1.0,
934.0,491.0,282.0,机构客户,俄罗斯,0.0,
345.0,271.0,599.0,私人客户,,0.0,
590.0,861.0,5960.0,,澳大利亚,1.0,2023-10-03 12:14:10
748.0,419.0,302.0,私人客户,日本,1.0,2022-07-25 12:17:07
127.0,367.0,974.0,机构客户,中国,1.0,2021-11-22 18:26:44
949.0,126.0,773.0,机构客户,美国,0.0,2023-02-17 22:54:31
117.0,384.0,,机构客户,俄罗斯,1.0,2021-01-27 13:53:56
617.0,712.0,246.0,私人客户,,1.0,2023-10-25 09:33:04
964.0,629.0,626.0,机构客户,日本,0.0,2022-01-16 04:07:04
137.0,643.0,458.0,机构客户,美国,1.0,2023-04-14 17:06:58
962.0,353.0,7140.0,,印度,1.0,2021-05-07 03:12:46
946.0,,889.0,,德国,0.0,2022-05-28 04:14:08
610.0,304.0,565.0,私人客户,德国,0.0,2021-07-21 09:08:20
173.0,827.0,194.0,机构客户,德国,1.0,2022-06-14 05:25:39
502.0,721.0,440.0,机构客户,澳大利亚,1.0,2021-01-11 16:39:48
224.0,,846.0,私人客户,德国,0.0,2020-01-12 04:25:17
141.0,648.0,573.0,,中国,,2023-10-02 04:24:11
149.0,495.0,264.0,,日本,,2020-02-22 10:42:20
183.0,107.0,598.0,私人客户,加拿大,1.0,2022-01-01 15:50:03
112.0,993.0,639.0,机构客户,巴西,0.0,2020-08-23 02:08:59
475.0,887.0,814.0,机构客户,澳大利亚,1.0,2022-01-23 00:34:51
461.0,838.0,355.0,私人客户,俄罗斯,1.0,2022-01-25 03:03:46
653.0,512.0,542.0,机构客户,德国,1.0,2020-10-30 09:51:30
147.0,232.0,947.0,私人客户,,0.0,2021-03-25 15:12:51
625.0,341.0,447.0,机构客户,印度,1.0,2020-03-31 18:05:43
459.0,675.0,378.0,机构客户,加拿大,1.0,2022-08-20 03:30:08
917.0,675.0,261.0,机构客户,俄罗斯,,2021-10-22 21:41:05
272.0,661.0,745.0,私人客户,日本,0.0,2022-09-08 06:36:54
786.0,658.0,114.0,私人客户,印度,0.0,2021-03-04 13:22:01
662.0,849.0,871.0,私人客户,印度,,2020-05-20 14:14:40
279.0,738.0,468.0,私人客户,加拿大,,2021-09-26 08:57:54
699.0,532.0,,机构客户,美国,1.0,2023-10-09 14:52:32
206.0,570.0,937.0,私人客户,俄罗斯,0.0,2023-01-19 04:37:08
619.0,913.0,781.0,机构客户,加拿大,1.0,2020-03-09 03:12:08
565.0,808.0,456.0,私人客户,俄罗斯,1.0,2022-04-21 18:22:08
492.0,976.0,593.0,私人客户,俄罗斯,1.0,2020-03-02 19:26:15
569.0,128.0,166.0,私人客户,印度,1.0,2023-02-27 05:54:45
518.0,947.0,747.0,私人客户,俄罗斯,0.0,2023-12-09 06:15:24
523.0,381.0,435.0,私人客户,美国,0.0,2020-03-16 03:25:39
888.0,535.0,307.0,私人客户,中国,1.0,2022-12-13 21:25:20
222.0,279.0,974.0,机构客户,,1.0,2023-07-11 07:25:19
736.0,912.0,910.0,私人客户,德国,1.0,2022-03-26 11:19:54
516.0,4480.0,369.0,私人客户,巴西,0.0,2022-11-01 00:50:59
461.0,232.0,531.0,机构客户,中国,0.0,2023-12-26 03:28:14
7900.0,617.0,938.0,私人客户,法国,0.0,2023-06-03 20:01:34
162.0,805.0,129.0,机构客户,澳大利亚,1.0,2020-06-16 17:17:05
681.0,745.0,676.0,私人客户,美国,0.0,2023-06-30 21:15:32
378.0,227.0,330.0,私人客户,美国,1.0,2023-02-27 18:21:07
943.0,602.0,938.0,机构客户,日本,0.0,2023-12-13 18:23:49
789.0,570.0,814.0,私人客户,印度,0.0,2023-08-16 21:23:26
697.0,762.0,474.0,机构客户,德国,0.0,2023-07-24 20:36:32
832.0,274.0,644.0,机构客户,美国,1.0,2023-05-31 09:46:11
,962.0,1410.0,私人客户,法国,1.0,2022-12-10 06:08:14
959.0,682.0,869.0,机构客户,日本,,2022-06-05 02:24:05
117.0,771.0,529.0,机构客户,日本,1.0,2020-02-15 03:32:35
130.0,316.0,340.0,机构客户,加拿大,0.0,2021-02-01 10:53:10
494.0,541.0,288.0,私人客户,中国,0.0,2021-01-01 10:48:00
795.0,317.0,765.0,私人客户,俄罗斯,1.0,2021-03-23 03:12:19
517.0,323.0,599.0,机构客户,日本,1.0,2023-11-20 16:29:09
611.0,380.0,915.0,私人客户,法国,0.0,2022-05-31 19:40:44
403.0,103.0,520.0,私人客户,印度,1.0,2023-02-11 06:40:43
621.0,313.0,816.0,私人客户,,0.0,2021-09-12 13:21:55
294.0,522.0,180.0,私人客户,澳大利亚,1.0,2021-02-27 07:43:13
921.0,179.0,172.0,机构客户,中国,0.0,2021-02-05 06:55:26
333.0,805.0,655.0,私人客户,印度,1.0,2021-11-08 22:54:34
247.0,383.0,518.0,私人客户,印度,0.0,2023-12-30 17:41:38
698.0,901.0,377.0,私人客户,德国,1.0,2022-09-11 11:57:14
292.0,,474.0,私人客户,法国,0.0,2022-06-10 04:57:37
217.0,,914.0,私人客户,澳大利亚,1.0,2022-01-05 11:57:05
603.0,563.0,7910.0,私人客户,德国,1.0,2021-03-21 21:56:44
137.0,828.0,935.0,,德国,0.0,2020-07-12 07:04:00
700.0,549.0,772.0,私人客户,中国,1.0,2022-02-01 10:06:05
229.0,386.0,153.0,机构客户,印度,0.0,2023-08-21 00:00:23
428.0,884.0,142.0,机构客户,印度,0.0,2020-11-03 01:24:40
942.0,798.0,932.0,机构客户,法国,1.0,2021-10-05 05:51:24
677.0,369.0,552.0,机构客户,澳大利亚,0.0,2022-04-20 05:12:22
221.0,658.0,205.0,机构客户,中国,1.0,2020-02-20 09:24:43
505.0,105.0,897.0,私人客户,俄罗斯,1.0,2021-06-30 14:55:58
452.0,555.0,568.0,机构客户,美国,1.0,
851.0,100.0,862.0,私人客户,印度,0.0,2021-04-28 15:24:24
542.0,231.0,216.0,私人客户,巴西,1.0,2021-10-13 05:12:15
824.0,938.0,779.0,私人客户,德国,0.0,2023-12-22 09:04:28
131.0,185.0,695.0,机构客户,巴西,0.0,2022-01-11 13:17:36
626.0,295.0,644.0,私人客户,中国,0.0,2021-08-09 15:44:05
997.0,2140.0,360.0,机构客户,德国,1.0,2020-05-13 17:09:50
205.0,907.0,335.0,私人客户,法国,1.0,2023-06-16 21:09:09
489.0,938.0,896.0,私人客户,中国,0.0,2022-06-08 22:47:58
329.0,785.0,478.0,私人客户,日本,1.0,2022-12-29 23:05:04
225.0,676.0,113.0,机构客户,澳大利亚,1.0,2023-01-30 03:51:51
,706.0,646.0,机构客户,法国,0.0,2023-09-03 03:04:54
118.0,435.0,696.0,机构客户,俄罗斯,0.0,2022-09-07 03:19:28
140.0,343.0,846.0,机构客户,印度,0.0,2021-10-19 00:17:37
206.0,,,私人客户,法国,1.0,2022-04-22 08:06:28
884.0,681.0,422.0,机构客户,印度,1.0,2021-06-15 09:26:28
954.0,666.0,310.0,机构客户,美国,0.0,2022-08-20 08:07:06
616.0,568.0,597.0,私人客户,俄罗斯,0.0,
589.0,670.0,520.0,私人客户,法国,0.0,2022-04-22 15:13:05
824.0,464.0,,机构客户,加拿大,0.0,2021-04-06 22:48:33
522.0,715.0,745.0,私人客户,加拿大,0.0,2020-11-27 22:46:02
906.0,397.0,992.0,私人客户,俄罗斯,1.0,2022-05-10 10:59:59
370.0,582.0,806.0,机构客户,澳大利亚,1.0,2020-03-21 21:27:33
465.0,534.0,504.0,机构客户,巴西,1.0,2020-02-11 10:17:14
496.0,987.0,199.0,私人客户,加拿大,0.0,2023-01-05 10:46:40
828.0,800.0,833.0,私人客户,德国,1.0,2021-06-13 02:02:17
,976.0,459.0,机构客户,印度,1.0,2023-04-12 17:38:53
739.0,223.0,396.0,机构客户,中国,1.0,2023-07-17 04:05:11
,151.0,958.0,私人客户,加拿大,1.0,2023-09-20 20:00:11
972.0,328.0,850.0,私人客户,美国,,2021-05-17 00:23:15
506.0,816.0,188.0,机构客户,日本,1.0,2020-12-12 22:33:21
707.0,427.0,235.0,私人客户,日本,1.0,2021-03-08 10:57:38
726.0,914.0,787.0,私人客户,德国,1.0,2023-09-23 13:52:47
869.0,439.0,517.0,私人客户,中国,1.0,2022-06-30 00:52:06
761.0,3830.0,421.0,机构客户,法国,0.0,2023-12-04 08:53:31
786.0,569.0,696.0,私人客户,中国,1.0,2020-03-29 14:49:02
340.0,441.0,681.0,私人客户,德国,0.0,2022-01-20 05:30:06
371.0,985.0,5580.0,机构客户,澳大利亚,1.0,2023-12-20 18:27:07
503.0,531.0,401.0,私人客户,中国,0.0,2023-09-27 16:45:21
896.0,500.0,313.0,私人客户,法国,1.0,2023-05-21 14:19:24
937.0,469.0,187.0,私人客户,中国,1.0,2023-03-05 11:49:15
628.0,189.0,161.0,私人客户,美国,0.0,2023-04-11 22:59:42
2760.0,331.0,250.0,私人客户,澳大利亚,1.0,2020-09-16 21:14:11
7810.0,614.0,826.0,机构客户,中国,1.0,2022-05-13 15:41:07
766.0,1520.0,,私人客户,俄罗斯,1.0,2020-11-21 20:16:17
362.0,289.0,139.0,私人客户,澳大利亚,1.0,2020-04-22 11:51:18
,646.0,387.0,机构客户,法国,0.0,2023-07-16 10:45:00
802.0,129.0,129.0,私人客户,德国,0.0,2021-04-05 22:14:21
349.0,945.0,336.0,机构客户,日本,1.0,2020-03-22 09:43:46
187.0,996.0,997.0,机构客户,,0.0,2023-12-13 04:15:37
708.0,7350.0,867.0,私人客户,加拿大,1.0,2023-05-29 02:53:36
452.0,906.0,641.0,私人客户,加拿大,0.0,2021-04-05 02:46:32
311.0,196.0,919.0,机构客户,巴西,0.0,2021-02-23 10:23:08
310.0,352.0,769.0,私人客户,,0.0,2023-03-16 04:41:33
713.0,229.0,416.0,私人客户,巴西,1.0,2023-02-19 15:10:07
697.0,270.0,267.0,私人客户,中国,1.0,2020-09-11 09:59:30
180.0,929.0,453.0,私人客户,法国,0.0,2022-05-11 16:24:49
886.0,266.0,828.0,机构客户,中国,0.0,2023-11-06 14:19:23
991.0,824.0,695.0,机构客户,美国,0.0,2023-03-23 03:29:18
545.0,489.0,946.0,机构客户,法国,1.0,2022-01-29 08:04:32
238.0,426.0,,私人客户,,,2022-01-04 09:21:08
805.0,685.0,296.0,私人客户,印度,0.0,2022-11-22 17:10:09
438.0,874.0,800.0,机构客户,美国,0.0,2021-05-01 03:39:10
573.0,860.0,897.0,私人客户,俄罗斯,1.0,2020-07-03 05:05:46
331.0,889.0,2970.0,私人客户,印度,1.0,2022-03-28 07:14:43
672.0,337.0,821.0,机构客户,德国,0.0,2022-10-12 19:50:36
768.0,360.0,319.0,机构客户,日本,1.0,2023-10-03 16:36:24
128.0,178.0,884.0,私人客户,中国,1.0,2023-04-27 01:43:43
,268.0,119.0,私人客户,澳大利亚,0.0,2023-03-06 01:02:17
673.0,499.0,221.0,机构客户,澳大利亚,0.0,2023-06-11 19:22:16
169.0,674.0,133.0,机构客户,法国,0.0,2020-01-09 00:05:54
166.0,285.0,579.0,机构客户,中国,1.0,2020-11-01 08:08:02
517.0,128.0,,机构客户,美国,1.0,2023-02-06 11:13:07
448.0,537.0,,机构客户,加拿大,1.0,2023-02-04 11:05:56
564.0,2630.0,137.0,机构客户,法国,1.0,2020-10-07 17:50:43
597.0,917.0,751.0,机构客户,俄罗斯,1.0,2023-09-15 06:00:02
